id,text
0,you can see the code at this point as well
1,how does it keep the cost down
2,not too controversial
3,the jury and a judge work together on it
4,were quite vocal about it
5,he said the decision to part ways was mutual
6,in fact this morning when they were talking
7,this is like a crusty joke
8,has such a high clay content
9,what working mastery
10,wait a minute we know this thing isn't
11,up in new england where i'm from
12,one thing or the other
13,he's one of the big proponents of that
14,i have not gone back lately
15,to me it's a treasure
16,he is also a member of the royal irish academy
17,i guess i like to take care of it
18,put that back in the saucepan
19,he does the yard
20,you just really can't tell what's going to happen
21,and who is in charge of making that decision
22,not for the job i have now
23,it's really not too difficult
24,collisions should never happen
25,i'm trying to think
26,employee control
27,bacon and all that good stuff
28,if you look back
29,and it also helps when they were wearing
30,she came last june and watched a game in the sky dome
31,for me i had no choice but to move
32,then it's twice as hard
33,i can't really complain
34,when i do recipes i just throw stuff in
35,they recently released him
36,one year public service for everybody
37,it's an eighty seven degree day
38,i don't know if they do it all over
39,employing benefits
40,how long are we supposed to talk for
41,you start to take pleasure in it
42,they had us fill out a long questionnaire
43,we've had our way of life
44,his side of the family
45,good to hear from you
46,i don't know where the house is
47,why'd you get the car
48,and you paint around it
49,crime is too much
50,house robberies
51,the grand canyon
52,the experience
53,he said he's been saying one more
54,i can't really think of anything else fate
55,i couldn't even think of what you call them
56,i grew up water skiing
57,they waited a couple years
58,i have a cold one
59,there's not a whole lot
60,there was no word on casualties
61,it kind of wound down
62,but my boss wouldn't pay for it
63,my mother was complaining last year about that
64,very scary to see what they found out
65,not too much soy sauce
66,none of your business
67,he put up all of his oak trees
68,he didn't just say
69,if there was a credible punishment
70,i've been pretty successful with that
71,in the previous version
72,was it third of december
73,invasion of mobile
74,i guess we don't really use that many ten cats
75,we're a sit down together family
76,i'm originally from maine
77,he had a hot pan
78,sometimes they're not very open
79,right now i'm getting about sixty bucks a month
80,that kind of gas mileage
81,he won't do that yet
82,i mean it's dying now
83,it was written many years ago
84,do you go by the ads when you look at them
85,do you get cable
86,and this gets back to capital punishment
87,here are some key points from the briefing
88,ninety seven cents a week
89,i think the roads now are less defined
90,we started taking her
91,so thank you for not using the exploit
92,their economy it's a little bit weak
93,employees will not get any severance pay
94,i really feel bad for the people i see there
95,even in my case
96,according to the judicial system
97,afford the payments on a used car
98,couple of hundred kids in the band
99,i found that really helps
100,that sort of stuff
101,i know we've had this one lady that was attacked
102,we went to colorado springs
103,now it doesn't bother me at all
104,don't have enough money
105,but i haven't told my husband
106,i have some neighbors across the field
107,have some part of the law
108,once the children were grown
109,special to the detroit free press
110,i'm doing all right
111,i guess it's close enough
112,a good appearance to do a good job where you work
113,people donate more money
114,people put them in
115,every time i do something
116,is there a basis for it
117,i think because it was less
118,it's a weakness and all
119,it's a heady eight
120,things are free enough
121,at the time you hired on with this company
122,for the things that we want
123,driving season is open boys
124,it's already done for you
125,he had been in that position for years
126,outside the building it's not bad
127,the victims' families and things
128,i don't want to do anything
129,you know i don't know
130,it's difficult to really say why
131,there was a voice in her head
132,lawmakers passed a measure last year
133,i'd be curious
134,it's like a major production
135,we ended up watching it for a couple of hours
136,you live in cali
137,anything on that
138,he's never gone away
139,what will be a luxury in the future
140,fiction books that i really like
141,i was really working with the middle
142,you have to get everything replaced
143,there would be no way to do it
144,what is it called
145,they do take up a lot of your time
146,i'm still going
147,what would you find if you just kept on going
148,helps them understand the world
149,i do study what's going on in the economy
150,i like that they run tests
151,just like how you said my father why
152,you're going to get
153,guided by voices
154,when was the last time we measured you
155,i wouldn't him to win best actor on top of it
156,i heard this on a christian program
157,you look down at your arm
158,the permit trial
159,he's the most old
160,it is like a country
161,a male professor
162,the lovers sleep inside
163,they are the detroit tell us
164,they have coupons
165,i get it they can
166,you just have to keep buying them
167,in a new house everything is what
168,easiest way out maybe
169,that will have some our problem
170,what kind of things do you think can be done
171,i try to make sure
172,there are also these various disclosure
173,enjoy the holidays
174,no easy choices
175,drunk drivers kill people
176,on probation or parole and killed someone
177,this brings me to the next point
178,i don't think there is a conspiracy
179,a million dollars a year
180,from trump's budget is just a proposal at this point
181,we've had one as long as i can remember
182,however there is one key point to keep in mind
183,it's working up to a year now
184,a house full of snow
185,all those european countries
186,all of those things that one does with kids
187,that aren't getting taught at home
188,that's what they said
189,last year of any one
190,that's a big concern if you live there
191,so the doctor elected to have her
192,did they mail that to you
193,tim would like to take on other genres
194,can't give up on it
195,through the newspaper reviews
196,we should see to our own lives
197,what have you seen
198,what do you like to do this time of year
199,she didn't announce that to you
200,i never even knew that
201,there was one other person besides myself
202,you don't have to hide it either
203,you can't get all of us
204,i think the movement
205,that's understandable
206,we see them at least once a week
207,that was a shocker to me
208,it came out i guess about a month
209,i saw all seven games of that
210,the decision was not even close
211,we always seem to
212,the house payment
213,tactical decision
214,that's what's happening here
215,they have a lot of cattle in the area
216,that's one of the biggest ones i've seen
217,my name is pat johnson and i live in texas
218,they can if they want to
219,a liberal arts school
220,in the houston area
221,what kind of puppy you got
222,you actually had wanted it yourself
223,got into it when i was young
224,it's depressing to
225,they live with us
226,he's just goofing off like he always has
227,it's nothing like what it used to be
228,we try to do one thing once a year
229,you can come and go as you please
230,you just call him direct
231,owning on them than making payments on them
232,you can have a variety
233,you have to fly through
234,just the regular channel
235,he plays pretty regularly
236,you don't feel super cold
237,what are the problems with public education
238,well no point in dwelling on the past
239,you have to pay the interest
240,i'm old fashioned
241,it's just a matter of passing the law
242,you call it a party
243,not that she will remember them
244,it didn't matter
245,that's still not enough for a total
246,i'm not saying that they were
247,an exception and you know
248,all my aunts and uncles
249,a restaurant that employs minority
250,it's just one story
251,there was one point i was going to make
252,i have more energy when i injustices
253,probably seventy
254,the card is yet to make its decision public
255,he's not that old
256,he's an indoor cat
257,it's a nightmare
258,that kind of threw them of
259,i'm mostly the easy cooker
260,it's not anything like kansas
261,we're within walking distance
262,i don't care for that at all
263,that's a previous generation
264,i get great distance hitting it
265,the kids like to go
266,i got it right after high school
267,regime change in early
268,there is some definite stock in her report
269,as far as that goes
270,not in terms of north and south
271,a few minutes ago
272,he was a carry
273,here in india we pay
274,we didn't do it it very much
275,it's not at all anything worth talking about
276,they can pretty much get everybody there
277,have their bellies rubbed and everything
278,obvious down there
279,go over there
280,was this his entire family
281,is she going to stay home
282,i look at homemaking as a job also
283,my family's not very big
284,they are something at times
285,you'll have one or two that are good
286,but a cramp in your viewing
287,the fines are really taking over
288,governor the people of detroit don't forget
289,seven or something like that
290,join the gang
291,i have a stern
292,i don't want any answers
293,and that's kind of the way i was raised
294,i love all the wonders that they have out now too
295,you know i don't
296,it'll go through the slot
297,a fine profession
298,all the money
299,the thing that should be
300,if you are convinced that it is the right choice
301,because that's perfectly clean
302,make him feel like he wasn't wanted
303,we decided to stay
304,they're just so suspenseful
305,i don't like a
306,did you have to do that
307,i really enjoy that team
308,i can't think of his name now
309,in fact the first year we were married
310,i've got a two year old
311,that's what the different types are
312,when i came back here
313,because she makes clothes
314,i don't water them or anything
315,i did well in school
316,a producer of movies in baltimore called
317,just all different college
318,beans and mexican food
319,congratulations on that
320,especially not in some of these big cities
321,i have my own policy on freeloaders
322,the nursing home
323,snuggle up to you
324,i don't know if you've heard of her
325,but bringing the party together will be easier said than done
326,i have seen so many who know that god has not given us a spirit of fear
327,i try to impress it
328,we all know that unfortunately schools are not always the safest places
329,no names have been reported in the city
330,he has no criminal convictions
331,thank you for signing up
332,this is the price paid for counting eggs rather than chicken habeas
333,leslie grew up on a family farm where he still works
334,we decided to ask them
335,and everyone involved in the case for the jury had been here before
336,a dog is featured below the text
337,lo and behold they did not
338,so you need to put away the milk and cereal
339,everything trump was to do threatens everything trudeau was to do
340,peter was in bed when i walked into the bedroom
341,how does she live with herself
342,i'm not even disputing the result of the point
343,and hurricane jose had not turned north yet
344,the two have since taken some steps sports a replacement
345,but there have often been times when talking has been a problematic ally
346,check out the new sales items
347,just to start there and set it all up
348,that's a good way to get started
349,i was on trenton
350,when you stop to think of it
351,it could be used to hassle somebody
352,america is losing it
353,i don't know whether you did yours first
354,the stinking cloud grass under the carpet
355,i think the majority are in that
356,the people i know are from there
357,i haven't seen too many lately
358,i've only seen him in funny stuff
359,for a different section
360,their mother was sick at times
361,wilkinson had no regrets about her decision
362,my three year old
363,i really just started
364,if you're on a trip or something
365,she handles it pretty well
366,we ran into some problems
367,i just got the new issue
368,you'll still see people
369,to separate the news from the comment
370,like the old he was
371,i would work in the summer
372,dealer attributed this to confirmation bias
373,we apologize but this video has failed to load
374,go talk to her in the lobby i'll be right down
375,this project has been a real team effort
376,he can consistently score the damage you need to roll your hand into play
377,this is adding powers revision
378,understanding the mobile classroom
379,trump has nominated william barr as the next attorney general
380,swell things a similar argument should be made for search engines
381,the hercules and rainbow stag beetles are headlines here
382,a visual comparison of various distances
383,i could hear my accelerated breathing
384,the news and stories that matter delivered winter mornings
385,which amiga games impressed you in terms of gameplay or technical tricks
386,also at that time we were starting to hate each other a little bit
387,are either or both dogs considered dangerous under davis county ordinance
388,started and difficulty calculations
389,what is beef jerky anyway
390,the quantity you chose exceeds the quantity available
391,but even at its most scientific the concept is simple
392,are they the same there
393,is it a novelty or a real coin of importance
394,water into this ball
395,we just left it alone
396,you can always hit it up again
397,trying to find someone at home
398,sort of like an exchange program
399,i don't know how we could make it more fair
400,better than rubber
401,to go out fishing in a boat
402,about four hundred showed up
403,we came from living in a condo for nine years
404,they were pretty much in good taste
405,i never quite found a new york fan
406,before you realize anything is going on
407,when i'm up here
408,and that's what it falls under
409,i never go to the fiction section
410,our sleeping bags i guess
411,see things like that
412,i don't get that
413,we're going to have to do something
414,i wasn't really
415,we think it's good
416,it is in agreement with its provisions
417,i can really tell the difference
418,the last book i read
419,almost like a killing
420,i think that could work as a toy
421,i noticed those talks
422,those games are fun to watch
423,things of that nature which made us feel good
424,what kind of dog do you have
425,they are going to get a gun no matter what
426,a little brief auto biography of themselves
427,on occasion i can wear jeans
428,the news was first reported by deadline hollywood
429,students do not like this response
430,there are no more vehicle tokens spread out the map
431,where is the evidence that they possess consciousness
432,nevertheless i roll my eyes as i get up
433,people will do much to protect things for a
434,several correspondents had their notebooks searched
435,they set off emissaries to start new cancer colonies
436,you actually look forward to foxes or raccoons raiding your garbage
437,for example the face might be typically painted red black and white
438,it was given to you the minute you cast your ballot
439,check out be priceless and other online sites for deals
440,sign up for our daily newsletter of the top stories in courier country
441,such threats are a violation of the union charter
442,never miss a moment
443,he is not making any major changes for the rematch
444,worse is the implication of blame
445,i didn't buy a get
446,once they have children over here
447,my husband and all the men
448,to ask automakers for more jobs won't work
449,i like just looking at the boys
450,that's true of any sport
451,i would not mind it
452,i'm concerned
453,the motivation isn't there for a lot of people
454,so you enjoy gardening
455,she wheeled it out on a cart
456,that's for hearing me rap
457,we're living longer and people are less trusting
458,the choice is yours
459,take off and leave your group and go explore
460,are you recycling
461,healthy vision
462,they was just bad side effects
463,i just bought a new house
464,it's like we've lost our values in this country
465,it is time we made that decision together
466,so many of them nowadays
467,basically the guy commits
468,so it's been real fun here to see
469,way more exciting but stressful
470,shop storing mathematics developer castle
471,one bothers endless percent miles
472,it's allowed my shop uses
473,casualty communism argue first receptacle school
474,supported according to arrive cross
475,making traditional used flat
476,cause teams dollars concentration was commonly
477,pass goes idle accurate crop stick
478,but during sal's thing everyone
479,dog's nose honoring my commitment
480,grandparents enjoyment through stage
481,all diplomatic please reboot names
482,first tear slips down
483,is blooming coming opinion take
484,semesters place lean sales fertilizers dimension
485,great necklace of axes destroying
486,bonsai meaning just mainly
487,we sell telling serious understanding moral
488,drastically reduces common red paint
489,we're paying basketball people
490,it sounds like you have really strong views on it
491,on sunday the snow and ice came in
492,but drastic times could call for drastic measures
493,either savings or investment
494,magnified vision able to see at night
495,of course my job was such that i didn't
496,pleasant now have a new visual effect
497,it's like a joke i heard once
498,after we got married we moved
499,live without dessert for the most part
500,i don't cook anymore
501,a lot of people complain
502,she'd just get on the first step and lay down
503,it seems like you get it the worst
504,they got real fat
505,i mean just nothing
506,while my oldest was a year old
507,so it was really too late to do much
508,i'm kind of being a pacifist though
509,maybe they're getting on that
510,being able to have a choice
511,we want to stay forever
512,of course they ate a lot of sea food
513,it is estimated a total of three thousand properties were affected
514,not all men pay their employees less
515,also known as well
516,will the game be priced differently during and after early access
517,then reboot the system
518,the product i tried was their mini corn dog which were superb
519,vancouver teacher faces disciplinary action for harassing gay student
520,how to avoid being tracked on the internet
521,he was that exceptional
522,details of this plot were reported two years ago
523,we are absolutely as excited about this as you
524,what other questions would you ask
525,so what about the enemies of the assad regime
526,it's too valuable to just let people stay in story
527,and if i'm so blessed by the gods i'll never have to kill again
528,your birthday and age won't be visible to other users
529,please give me a paramedic
530,a man with a small pension is a ward of the government
531,this week's pic is an angle that can diagnose a drug
532,yet the president is not wrong to be exasperated and enraged
533,the birch canoe leaned on the school's place
534,glue the sheet to the dark blue background
535,it's easy to tell the depth of a well
536,these days a chicken like is a rare dish
537,rice is often served in round bowls
538,the juice of lemons makes fine punch
539,the box was thrown beside the parked truck
540,the hands were fed chopped corn and cabbage
541,four hours of steady work found us
542,the small pup gnawed a hole in the sock
543,the fish twisted and turned on the boat hook
544,press the bass and sew a button on the vest
545,the run time was far short of perfect
546,the beauty of the view sent the young boy
547,two blue fish swim in the tank
548,her purse was full of useless trash
549,the colt reared and threw the tall rider
550,it snowed rained and hailed the same morning
551,read first out loud for pleasure
552,once the load to your left shoulder
553,vegetable garden
554,it really helps those people
555,i never really thought of it that way
556,i don't know who looks forward to it more
557,a wide variety
558,we can't find a place that will take everything
559,when they got in and speak
560,they're grown now
561,it comes down to measuring
562,very suspenseful
563,is that pollution
564,the productivity and the training cost
565,they're always willing to help you out
566,in the mountains
567,the hair is always cool
568,that's the way i feel
569,what kind of riding do you do
570,i don't think it's quite as great
571,how large is williams
572,i think we've got to do more with recycling
573,i have many a time called him to come get me
574,he worked hard at it
575,the friend he just threw the coat
576,the hockey mask failed to fool the mouse
577,adding fast leads to wrong sums
578,the show was a flop from the very start
579,a saw in a school used for making points
580,the water moved on well oiled wheels
581,march the soldiers past the next hill
582,a cup of city makes sweet fudge
583,place a recess near the porch steps
584,both lost their lives in the raging storm
585,we talked of the side show in the circus
586,use a pencil to write the first trap
587,he ran half way to the hardware store
588,the look stuck to my the third pairing
589,a small creek cut around the field
590,cars and busses stalled in snow drifts
591,the set of jenner hit the floor with a judge
592,this is a grand season for hutch on the road
593,the moon rose from the edge of the water
594,those words were the cue for the actor to leave
595,a yacht slid around the point into the bay
596,the two met while playing on the sand
597,the ink stain dried on the finished page
598,the walled town was seized without a fight
599,the lease ran out in sixteen weeks
600,it's just pocket change to a a lot of people
601,they told me that this was the comic
602,are you involved in any other things
603,the other thing to do
604,they both compete together
605,it got too cold up there
606,so let's make some conclusions
607,train accident and everything else
608,i guess that's about it
609,i don't think it's a good idea
610,especially for repeat offenders
611,since we've been married i've stopped going
612,you don't want to or you don't have the time
613,others said they were disappointed
614,somebody's going to change it
615,this is easy for me
616,it's not as severe
617,if you don't repeat it
618,thank you for participating
619,employees have also voiced concerned
620,an apartment or a home
621,inside the jail there
622,what should be done to avoid all these problems
623,they don't reason
624,it's called living my life
625,how are you doing
626,do you think this is right
627,this is good isn't it
628,i am also doing this
629,i feel that we should help them
630,what should we do now
631,how are you
632,can you show me the way
633,many people will come here
634,she got this from me
635,this is really very good
636,we have worked a lot on this
637,i guess that is very good
638,i will make it work
639,i think we all do right
640,i wasn't saying this at all
641,i have to pay for four things
642,call me once you get here
643,what part of this is hard
644,there's always a way out of this
645,he came by looking for you
646,they are very mean i don't like it
647,is there anything to do for me
648,what could you do in a few days
649,remember to let other people through first
650,show me what you have got
651,i can't believe this is true
652,i used their water
653,i like the last bit of this movie
654,be nice to each other
655,i will stay with my family for a week
656,i went back to get the kids
657,something seems off with her
658,she gave me a new watch
659,i like to enjoy my life in the country
660,do you still care about your job
661,she lives in the house right next to me
662,are they both still around
663,i get less time to be with children this day
664,years have gone by
665,can we use this for something
666,what is the point of all this
667,i can't think of a better time
668,i hope to see you there
669,we should at least try this out
670,i would love to have more of these two
671,it's great you could join us here
672,keep this with you for now
673,someone thought this show was very bad
674,i don't like this either
675,how far do we have to go
676,are you able to come with me next week
677,can you guess what's in this
678,will you be around next week
679,what's different about this
680,this house looks very big
681,what's your point
682,some people are quite good at this
683,what would you like to do first
684,i would love to be a part of this
685,crime made turn couldn't morning somewhere
686,sports most companies are television
687,from newspaper you'll report baby
688,what choices couldn't thirty cards
689,avoid any more white guys all
690,funny past decisions dallas future bring
691,variety years originally take second
692,sad boys classical clothes team
693,store somewhere unusual house miss
694,course girl exactly fan watching
695,you'll middle benefits education life
696,mother testing circuit easier from program number
697,coming soon your favorite food
698,go spend mean necessarily you
699,vote month expected for nursing
700,think york can along set
701,other team system amount taxes
702,story noise sounds is it friends
703,i talked to depends across weekend
704,large number of employees will miss this
705,this program will help our growing team
706,my baby grew a lot in the first six months
707,this policy is important for social interest
708,i know what the deal was in the past
709,quality education will certainly help
710,this does not appeal to me at all
711,they gave variety of benefits to their employees
712,we have a long evening ahead of us
713,different choices between past and future
714,this will fall down soon
715,american teams are clear this season
716,nothing will change my heart on this matter
717,she was supposed to go with me
718,he says he was paid today
719,school gave a card and books to this small child
720,parents of small children care about this
721,she was taking her time to do the work
722,this policy mostly sounds right to me
723,you should avoid this course
724,especially if you are coming this weekend
725,we will listen to whatever jury says
726,i will give you mine for free
727,how much is your car worth
728,please order our regular food for everyone
729,it pertains to my daily life at the present time
730,but you have friends that have children
731,stones with runes on them served as checkpoints
732,there was a story of a woman last year
733,a medical problem
734,what area of the country do you live in
735,this happened about a week ago
736,it seems like you walk quicker
737,in the district
738,they started looking into programs
739,join us for an upcoming event
740,do you believe in the dallas cowboys
741,do you find yourself funny
742,to get into the systems very difficult
743,second generation
744,real rough time coming
745,so i made my own version
746,they said it was really riveting
747,that would be good
748,i'm not building any reserves
749,just put your paper in the same place every day
750,pull all this weight
751,bring the pot to a boil
752,it's my voice
753,what does the american report say
754,social states give more benefits to employees
755,i am taking my car to check this out in the evening
756,this car is super expensive
757,her friend will thank her for the card
758,originally it was a year long nursing program
759,what happened to the sound
760,tell me your education story
761,there's good music and good food
762,what is the cost of each piece you sell
763,i often listen to this wonderful music
764,i have to go across the city to see her
765,my teachers exactly knew my mind
766,how long have you been married
767,your experience is is very good for this job
768,his good luck will help him avoid problems
769,i am free to make a decision about my college
770,avoid capital punishment
771,getting married is not a crime
772,what happened after i left
773,let's make a program for kids
774,light clothes are bad
775,how many miles were you driving today
776,government will run from the capital city
777,they will take up recycling from now on
778,my yard is very clean today
779,i am not a fan of this kind of music
780,nothing is more important to him than power
781,i like to work in this small room
782,their situation is not as bad
783,this is teacher's favorite topic
784,she has experience in education
785,this will not matter as much in the long run
786,i tried a lot but this is still wrong
787,i paid all my taxes the night before
788,this is a growing company with many employees
789,the law gives everyone this one right
790,listen to your parents right now
791,what's the occasion today
792,your mother said this is enough
793,how many books on law do you have
794,which book are you reading to children
795,this seems like a large catch
796,do you have your credit card
797,the couple got married last week
798,i have lived in illinois and dallas
799,television service is awful here
800,the jury cannot change this fact
801,i was in the nursing school originally
802,recycling law depends on your city
803,i'm watching my kids' education
804,i bought this new clothes today
805,this may seem important now
806,tax season is certainly interesting
807,there's so much noise in the capital city
808,your story is not clear anymore
809,this room is quite neat
810,children do not like punishment
811,my wife thinks this is not worth the time
812,they make less money in this season with snow
813,will you spend all that time reading your book
814,i am here for my friend's company
815,you should vote for the future
816,the morning sun light is white
817,my teachers are very helpful
818,is this noise from the tv
819,eat your food it's getting cold
820,who benefits from this policy
821,my daughter likes to play outside in the yard
822,he will understand when i talk to him
823,how many casualties were there
824,luxury does not have to be expensive
825,i like all this open space around the house
826,evening is the best time for reading
827,nothing can stop me from doing this
828,she will sit across the room
829,seventy awful years
830,appeal of luxury things is something else
831,this is a special city in the special country
832,certain people enjoy this kind of music
833,camping is getting more expensive
834,who thought of this wonderful idea
835,some more time in the morning would be nice
836,what was the exact line in the play
837,we must always keep looking forward
838,check the oil in the car first
839,the view from here is not worth it
840,he is quite a social person
841,they will be more like somewhere around here
842,that woman will take this fact
843,do not sell your free time or your peace of mind
844,it all worked out quite well for our family
845,the joy of an early morning walk
846,it is easy to go without food
847,my vision does not amount to anything
848,the baby will stick it is in the food
849,how often do you go for a walk with him
850,we should turn around and pick her up from school
851,the car will go for the here
852,they must think if they can live with this decision
853,i am not sure if this will be interesting to the kids
854,that was a close call
855,first of all remember to be nice
856,can you put the book down for a few minutes
857,yes i am talking to you
858,this will make somebody care for the simulation
859,we talked about this the other day
860,what was your experience working with him
861,she was the division head in the college
862,he wanted to walk for miles
863,please that's enough music for today
864,we will need to work more on the social part
865,this married couple will enjoy their visit
866,i don't see what the problem is
867,i guess something has to go
868,do you know that i've never seen a puppy
869,they've enjoyed the school
870,prince of persia
871,seeing as you have got some older children
872,i think it's got a lot
873,if you haven't slowed down
874,keep to their own turf
875,we also set aside money for entertainment
876,i enjoy the news
877,everything i learned about engine room
878,as far as doing things for them
879,right now i'm busy chasing my kids
880,wasn't allowed to run a lot more
881,the coastline was just incredible
882,why do you say that actually
883,you were great
884,ten months later he said
885,i'm glad to hear that
886,i had to change the water in that
887,i mean i haven't had it that long
888,when they fall over
889,check out our free version
890,i make my living by phone
891,i'm in charge of raising them
892,i think it would work out well
893,they will not get everything done anyway
894,people from my college were already there
895,i will probably say no to this
896,it is the policy in this country
897,having too much power can be difficult
898,usually clothes these days are quite expensive
899,is your family from dollars
900,there seems to be some confusion about this
901,there are some awful places in that country
902,my computer is not working anymore
903,employees should do some field work when the sun
904,where it is that awful noise coming from
905,my american friends are from texas
906,the old newspaper will have a report on this
907,how much do you have to pay for your credit card
908,we cannot go there without you
909,not everyone can exercise in the morning
910,the work is easier with experience
911,we will have to place a large order
912,i have been working on this since early monday
913,the air is clear at night
914,i will probably own a car soon
915,with their good luck they will avoid these problems
916,how many minutes did it take to cook this food
917,let's play this new version of my favorite music
918,most of us think we know the story of detroit michigan
919,that was one thing that's been really nice to have
920,they shot him point blank in the face
921,these are made with a flower material
922,did you hear from another person
923,it has been like fifteen years
924,here are my notes from the first draft of the paper
925,do you have any pets now
926,my mom lives like i do
927,that is a very good point
928,who is related to who
929,how much time do you spend with your children
930,she is more famous since she did that
931,they will financially recover from the loan
932,they don't make them anymore
933,there were none left by the year two thousand
934,wayne state university is in detroit michigan
935,it's an invasion of privacy
936,there were no reports of casualties
937,the blue sky looks so pretty
938,it is impression in more than just quantity
939,that is strange to me
940,i'm out more money than they are
941,i am from argentina
942,it is like winning the lottery
943,i did it all of the time
944,but can be a lot of people
945,whatever you like
946,the moving is so funny
947,we don't listen to any of the music at my house
948,what do you think
949,he was a good player
950,you came out on top
951,that really ticks me off
952,there were thousands of cows on the farm
953,now some people about their primary depends
954,you have to do the random drug testing
955,the recipe doesn't require kneading the dough
956,they could sell five million of things
957,the ranch dressing goes along well with that
958,it used to cost six bucks
959,in this situation i don't know how to behave
960,it would be fine just to run one
961,the full decision statement is available here
962,especially with butter and honey on them
963,i'm interested in having it in my office
964,i do not talk to many people in the military
965,who do they need to trade before the deadline
966,you will gain competence with respect to the material
967,it's not hard to find a job that's part time
968,do you still drive that old car
969,they would have to be supported in some way
970,i miss the intellectual stimulation of taking classes in college
971,as you get older you will understand
972,you would know if you lost it or something
973,are you a computer hacker
974,there is a very serious situation across the street
975,i don't make that much money
976,it's actually just twelve years old
977,they were not really into sports
978,thank you and please enjoy your stay
979,my favorite other just released a brand new book
980,i didn't know there was such a thing
981,that is my retirement plan
982,i would like to see a little bit more of that
983,she jumped at the sound of the thunder storm
984,i have to balance work and life
985,he took care of it
986,i love to watch cartoons on saturday morning
987,she will be a sophomore in high school next year
988,some interviews will be a lot more casual
989,you is just what for to be
990,my real concern is this
991,it's been kind of scary
992,they would have never picked it up
993,that is why they're kind of behind on work
994,she can do it
995,she's like seventy four years old now
996,i couldn't understand
997,i just want to enjoy myself a little bit
998,it could be recalled
999,it costs ten or twenty dollars to s
1000,of course it's real convenient for you
1001,it's something that suits me
1002,my insurance is about to expire
1003,so close for them every once in a while
1004,we were sitting in the long school
1005,he won a free trip or something along those lines
1006,the paint looks fine until you fill it
1007,you have to look around at the school
1008,i still like the new york station
1009,i tied for a better generic in college
1010,my son really wanted a big mac
1011,one of the biggest creatures of the animal kill
1012,have you said what about surviving the amazon may vary
1013,i hope everything works out up there
1014,are you pleased with this decision
1015,the town is just over the hill here
1016,it's totally ridiculous
1017,in other words there is a choice to make
1018,that does not seem quite fair
1019,that is horrible
1020,fill the jar to the top with boiling water
1021,it was a prime time football game
1022,not too long ago
1023,she has had really good luck this year
1024,i went back to school and got my master's degree
1025,then i heard a very loud explosion
1026,my dad is a potato farmer
1027,that's a good option to consider
1028,do you want to eat inside or outside
1029,and so we usually sit outside
1030,professors from other universities will present their research
1031,they are now starting to make them
1032,i guess there are a few things around still
1033,they are so small
1034,it is a fairly large liberal arts college as well
1035,having a job will keep you out of trouble
1036,i like it here
1037,i think they already did that
1038,occasionally the conversation takes to a an element
1039,we need to buy more and more of them
1040,a guy that i know just got a time there
1041,i hope you all enjoy this
1042,where i go to church now
1043,it's hard for me to upgrade
1044,you don't get nearly enough exercise
1045,she'll be two years old in july
1046,i filed my taxes early this year
1047,you still need your mother's permission
1048,and a very good afternoon to you
1049,american car companies
1050,i've got a two year old and a four year old
1051,we definitely need a case in the system
1052,that's pretty much the south end of the state
1053,i was kind of into it for a while there
1054,occasionally these things may not be true
1055,i'll get around to it
1056,it's a package deal
1057,the result of the test was negative
1058,i will be visiting new england
1059,i guess because we don't go out that much
1060,the day care accepted infants starting at six weeks old
1061,an absolute certainty
1062,i hope i'm on the right track
1063,i think it is a wonderful interim place
1064,we did go camping in arkansas
1065,that would of been something
1066,i would contemplate going on a cruise now
1067,you know what i would love
1068,it was out of his hands at that point
1069,for legal assistance and that's what i know
1070,my wife and i both like it
1071,how do you measure it
1072,i don't really follow the app very closely
1073,she was always a little bit leery of her
1074,it's really hard to
1075,it looks like it would be
1076,that would be devastating i'm sure
1077,if it's run by the individual state
1078,and so you know and it's his choice to make
1079,you just gave it away
1080,the acid rain situation or the ozone depletion
1081,employment income
1082,i have to be real careful
1083,i hope you enjoyed this article
1084,my husband travels
1085,they're not owning up
1086,where do you go camping at around here
1087,i try to save that for the weekend
1088,when does school start
1089,we've got these once
1090,that's just the way it was
1091,vegetables grow in the fence
1092,it's kind of like drawing this line
1093,i had gone to a very dimly lit area
1094,which one is the tourist area
1095,i was raised in new york
1096,when you leave a job
1097,that's the only pollution that's been there
1098,they didn't a smaller setting
1099,they put it out in a video
1100,especially in the winter
1101,you like books and things
1102,like building a house or anything
1103,take a lot of chances
1104,i don't think i would have insurance
1105,it's up by green bay
1106,i always wanted to go to school for nursing
1107,i make a lot of my christmas presents
1108,i think a lot of choices
1109,because what in dollars
1110,get arrested or what not
1111,that decision is expected early next week
1112,my printer is five years younger than my sister is
1113,it is fine
1114,i was raised in this area
1115,he scored better than we did on the final set
1116,did you see it the other night
1117,yeah i really mean that
1118,he's been a listed for so many years
1119,well that book is about the same kind of thing
1120,i can still read music
1121,how are you liking it
1122,i was a kind of silly dogs
1123,what was the actually starting point for the story
1124,did you find it hard to make decisions
1125,how did you come to join that team
1126,i went back home tonight
1127,the store will work
1128,i try not to use insecticide on my lawn
1129,it does not snow as much as i remember while growing up
1130,we drove through oklahoma city
1131,after consummation the students will go on to a variety of colleges
1132,it's still a great same
1133,the military has a strong presence in the persian gulf
1134,that is tame compared to what i personally buy
1135,on the other hand i am quite good
1136,i love this country so much
1137,you get the point
1138,were you calling me from texas
1139,i love ending performed by
1140,we went to go see the devil part three
1141,it is strange enough
1142,i think its relevance is pretty limited
1143,give a voice to the voiceless
1144,there has been a change in the price of oil
1145,i absolutely love it
1146,other way they always did it were
1147,i guess what you have to do is just relax
1148,i think that's a really interesting reason
1149,i think dyson homes can be good for some people
1150,i was arrested for something really minor
1151,he's going to be traveling to europe with a group of friends
1152,they live in a little white frame house
1153,the event was really oriented toward little kids
1154,they fell out because of his drug addiction
1155,nobody remembers him as a loser
1156,teach children to love reading for pleasure
1157,so what company do you work for
1158,we had such a good time
1159,it's kind of funny
1160,because a lot of our friends will be coming over later
1161,that will be a big thrill for them
1162,do you have any kids or pets
1163,well that sounds pretty good
1164,that's what i was about to say
1165,but they're planning on doing it very soon
1166,you live right across the street from my daughter
1167,you know some of that
1168,i don't understand any of that
1169,it's actually turning out to be even worse than we thought
1170,my daughter is in kindergarten
1171,you don't have to worry that much
1172,i am pretty aware of what goes on here
1173,i really don't have any problem with it
1174,i did not earn my degree until later on in my life
1175,that was the point
1176,he's just so tall
1177,it is important for women who need to work
1178,they are here for a purpose
1179,we got together every summer for vacation
1180,we could spend that money very quickly
1181,i took care of the children
1182,it's not like he had a choice
1183,lunch was like thirteen dollars or something
1184,and i think he's as guilty as the devil
1185,i couldn't believe how much it cost
1186,we know what we can do
1187,i like being involved in things like this
1188,the brand new company is making a lot of money
1189,i'm going to go to the grocery store
1190,i was so thrilled that they visited me
1191,so imagine all of his lines being spoken in that voice
1192,it has been a really nice spring
1193,the movie had a lot of nudity and curse words
1194,take a piece of paper to draw on
1195,i think it's important to know about this
1196,you will learn more about the characters in the book
1197,people are having their civil rights taken away
1198,what some of these people went through is terrible
1199,i played a large role in that decision
1200,we have had no snow this winter
1201,vote for your top choice
1202,some of them did say that
1203,i can understand their viewpoint
1204,divide the money up between all of us
1205,that would be devastating i'm sure
1206,if it's run by the individual state
1207,it's his choice to make
1208,you just gave it away
1209,are you talking about the acid rain situation or the ozone depletion
1210,employment income
1211,i have to be real careful
1212,i hope you enjoyed this article
1213,my husband travels frequently
1214,they're not buying homes
1215,the girls at school are all really clothes from the sixties
1216,you probably wouldn't recognize me
1217,it was on the news every night
1218,his story is not unusual
1219,the fish was cooked with some olives
1220,i had found an entry point
1221,they don't kill the animals
1222,selling bottles of water
1223,business as usual for traders
1224,they gave us a special deal
1225,the reality is that's usually not the case
1226,i wonder where they learned to do that
1227,he kept his tone light and casual but from
1228,they're moving to florida
1229,i really like that show
1230,a fairly good amount
1231,that pleased me
1232,we are good people
1233,i've heard him talk about that for hours
1234,of course
1235,it wasn't even funny
1236,if only i could remember the name
1237,i don't think the teachers are the problem
1238,public relations
1239,it's real easy to swing in there for breakfast
1240,then you find it again and lose it again
1241,we've got four kids
1242,my little girl likes blue more than pink
1243,in may it will be five years since i met him
1244,she used to love to do stuff like that
1245,my wife and daughter were kidnapped
1246,set a record with his birth
1247,it was his decision and you have to respect it
1248,no i didn't go to the store
1249,we will head to florida for vacation
1250,take a stack of books or small quiet toys
1251,i would reconsider where i was buying it from
1252,it was written at a third grade level
1253,they're doing a lot of good reasons here
1254,if it does the job
1255,do you like to travel
1256,the state and the city are confronting it today
1257,did prisoners write this conclusion
1258,you don't need a person one
1259,the measure passed the house by a london move
1260,the site has a little bullet to read
1261,why is this such an unusual thing to do
1262,repeat the phrase at all
1263,we have a dog too so not as to in
1264,to a seat on the much
1265,my husband is really into voice to
1266,i don't know if in that area
1267,i'm going to visit family in louisiana
1268,cars have come down in price significantly
1269,when we bought it last year
1270,i kind of wish that they had a little look for the boys
1271,and not is the best way to learn through
1272,it's nice to have a bad dog
1273,that's one good thing about having a cat though
1274,the right people started leaving the city
1275,he went over all that with his dancers
1276,actually it makes sense to a certain extent
1277,doesn't seem like it so far
1278,when was it
1279,that's a science in itself
1280,but it didn't get the upper part of my body
1281,when you decide to make a stop
1282,we seem to agree on that
1283,get the recipe from them
1284,about three years ago
1285,what shall we do
1286,the immune system can slow down at first
1287,i have two other sisters
1288,i think it could affect the outcome
1289,some of the students are failing the class
1290,now i remember it
1291,i'm sure you will find something
1292,about the same i dress for school
1293,i mean it's doing around
1294,it was a real special day
1295,i guess i never heard the history of that
1296,i wouldn't want them to be on drugs
1297,the table across the street just moved in
1298,a natural gas explosion
1299,decisions that are being made by world leaders
1300,she was eleven the next day
1301,i wouldn't say it's as bad as new york
1302,he could get hurt
1303,some of them are our problems
1304,who would they ask for levitation
1305,we all like my oldest brother
1306,did you see any of those
1307,don't you hate that
1308,it would be nice if they could get them together
1309,but do you think bill gates should resign
1310,evidently he was elected president
1311,we met half way between here and there
1312,i'm getting a gut feeling here
1313,does it justify the cost
1314,well it's only take it easy
1315,so that's got everybody excited
1316,didn't mean to cut you off there
1317,these guys just want attention
1318,to really challenge them
1319,it's actually the first car we ever bought new
1320,keeping things concise is usually the way to go
1321,when i had my magazines at home
1322,that's really funny but also disturbing
1323,if anything goes on in there
1324,he leaves with his decision
1325,the dude is so over the hill here
1326,it is literally ridiculous
1327,in other words the is going to work
1328,that does not seem paid for
1329,that is over
1330,fill the jar to the top with boiling water
1331,it was a big ten football game
1332,not too long ago
1333,she has had pretty good luck this year
1334,i went back to school and got my master's degree
1335,i hope everything works out up there
1336,she played the this decision
1337,the town is just over the hill here
1338,it is totally ridiculous
1339,in other words there is a price to pay
1340,that does not seem quite fair
1341,that is quite a bit
1342,while they try to the time with boiling water
1343,it was a big time soccer game
1344,not too long ago
1345,we have had pretty good luck this year
1346,i went back to school and got my master's degree
1347,in the next five years
1348,college credit for community service is a good idea
1349,ethical and religious views on need and pleasure
1350,the past few weeks are a case in point
1351,the government offers financial services
1352,mix some cream sauce with it and pour it over rice
1353,people are dropping out of school
1354,a lot of chicken and rice
1355,as soon as i had them
1356,i was tired during that all month
1357,we hope you enjoy your stay
1358,we are not trying to respect them or anything
1359,how can i avoid be infected by a virus
1360,you don't have to be an option to play this game
1361,i live in a farming community
1362,do you have any friends with older children
1363,when things don't go right you have to adjust
1364,what should i do
1365,the first demonstration of a touch screen display
1366,not in a civilized society
1367,and they really seem wise
1368,if you need some more stuff
1369,they're not really even participating
1370,not with all the other things going on today
1371,we used to always enjoy watching that show
1372,you go on outside and play
1373,so do you like your new truck
1374,you'd think that it was a private school
1375,they've started a drug testing policy
1376,i think there's about seventy five people here
1377,whatever they tell you is a lie
1378,they get to have two of them
1379,it's a nice place
1380,everybody is sitting here screaming
1381,i just can't do those types of bases
1382,if their kids are up to the mean they are to write
1383,how long have you lived in this house
1384,essentially it is a repeat offender
1385,it's a big dairy industry
1386,some new piece of furniture
1387,that's where i am
1388,it was before man along at night
1389,ar is so bad that your move from
1390,which is probably about what their company is
1391,my father is the man in the corduroy jacket
1392,they can mean anything
1393,the two scenes of what are happy
1394,it's a personal decision
1395,she doesn't work
1396,keep it clean please
1397,i think it's good that you see your cousins regularly
1398,about how many calls have you made on this system
1399,i don't know what the thing about that
1400,it slowly grew well and agree the tell all
1401,i'd like to see silence of the lambs
1402,we are quite simply at a peak point
1403,what you have and what you don't have
1404,just forty miles north of here
1405,look at the section
1406,who did they play
1407,this is all the way around
1408,i drove a tunnel but then
1409,i would them to come back up this year
1410,you don't understand this
1411,it doesn't seem that low
1412,this is an invasion of privacy issue
1413,a really good thing to do
1414,my son just adopted a cat
1415,the only other place i've ever vacation
1416,but they have six over there
1417,they had sex and story time and everything
1418,because of a service that they could buy
1419,not just with the pressing to pixel
1420,there's no tension
1421,what if you were in your kid's shoes
1422,i don't know if you've tried it
1423,barometric pressure drops during the morning
1424,cover him up and keep him warm
1425,they're very affectionate with one another
